,RANK,PLAYER_ID,PLAYER,POINTS PER EVENT,TOTAL POINTS,%_FIR,FAIRWAYS HIT,POSSIBLE FAIRWAYS,%_GIR,GREENS HIT,# HOLES,RELATIVE/PAR,%_Scrambling,PAR OR BETTER,MISSED GIR,AVG_Putting,# OF PUTTS,# OF HOLES,AVG_SG_Tee,TOTAL SG:OTT,MEASURED ROUNDS,AVG_SG_APP,TOTAL SG:APP,AVG_SG_ARG,TOTAL SG:ARG,AVG_SG_PUTTING,TOTAL SG:PUTTING
0,1,46046,Scottie Scheffler,374.547,5992.75,0.6690140845070423,665.0,994.0,0.7316118935837246,935.0,1278.0,-0.37,0.6618075801749271,227.0,343.0,1.574,2011.0,1278.0,0.816,50.593,62.0,1.269,78.656,0.316,19.6,0.095,5.878
1,2,48081,Xander Schauffele,225.407,4057.333,0.6083788706739527,668.0,1098.0,0.6997187060478199,995.0,1422.0,-0.33,0.7072599531615925,302.0,427.0,1.572,2235.0,1422.0,0.557,38.436,69.0,0.678,46.804,0.195,13.473,0.51,35.209
2,3,28237,Rory McIlroy,159.082,2545.304,0.6029106029106029,580.0,962.0,0.6570048309178744,816.0,1242.0,-0.33,0.6408450704225352,273.0,426.0,1.577,1959.0,1242.0,0.73,45.271,62.0,0.26,16.1,0.248,15.403,0.173,10.748
3,4,50525,Collin Morikawa,136.447,2456.046,0.7014519056261344,773.0,1102.0,0.6518987341772152,927.0,1422.0,-0.34,0.6545454545454545,324.0,495.0,1.544,2196.0,1422.0,0.417,28.767,69.0,0.292,20.124,0.374,25.774,0.121,8.341
4,5,52955,Ludvig Åberg,130.76,2092.167,0.6238095238095238,655.0,1050.0,0.6814814814814815,920.0,1350.0,-0.33,0.6395348837209303,275.0,430.0,1.588,2144.0,1350.0,0.502,33.125,66.0,0.434,28.671,-0.008,-0.519,0.135,8.919
5,6,51766,Wyndham Clark,126.69,2153.734,0.5524625267665952,516.0,934.0,0.6533996683250415,788.0,1206.0,-0.37,0.5980861244019139,250.0,418.0,1.564,1886.0,1206.0,0.42,26.018,62.0,0.075,4.649,0.061,3.762,0.476,29.512
6,7,32839,Hideki Matsuyama,118.678,1898.855,0.5880077369439072,608.0,1034.0,0.6674174174174174,889.0,1332.0,-0.29,0.6817155756207675,302.0,443.0,1.581,2106.0,1332.0,0.306,19.603,64.0,0.499,31.967,0.58,37.135,-0.118,-7.541
7,8,35450,Patrick Cantlay,111.241,1779.863,0.5842450765864332,534.0,914.0,0.6307692307692307,738.0,1170.0,-0.32,0.6388888888888888,276.0,432.0,1.557,1822.0,1170.0,0.187,10.309,55.0,0.024,1.335,0.218,11.99,0.234,12.883
8,9,33204,Shane Lowry,109.831,1867.125,0.6602040816326531,647.0,980.0,0.6698412698412698,844.0,1260.0,-0.3,0.5865384615384616,244.0,416.0,1.612,2031.0,1260.0,0.234,14.286,61.0,0.531,32.413,-0.033,-2.015,-0.076,-4.643
9,10,34098,Russell Henley,104.411,1670.575,0.6949317738791423,713.0,1026.0,0.649923896499239,854.0,1314.0,-0.31,0.65,299.0,460.0,1.55,2037.0,1314.0,0.014,0.91,64.0,0.343,21.931,0.289,18.495,0.304,19.462
10,11,48153,Matthieu Pavon,98.066,1569.063,0.6318181818181818,556.0,880.0,0.6596119929453262,748.0,1134.0,-0.28,0.5854922279792746,226.0,386.0,1.618,1835.0,1134.0,0.027,1.411,53.0,0.249,13.203,-0.414,-21.951,0.125,6.616
11,12,51634,Sahith Theegala,97.001,2037.014,0.5904173106646059,764.0,1294.0,0.6786140979689367,1136.0,1674.0,-0.3,0.6096654275092936,328.0,538.0,1.6,2678.0,1674.0,0.35,29.791,85.0,0.272,23.099,0.064,5.454,0.257,21.839
12,13,33948,Byeong Hun An,92.374,1755.104,0.5332699619771863,561.0,1052.0,0.6762962962962963,913.0,1350.0,-0.32,0.5835240274599542,255.0,437.0,1.593,2151.0,1350.0,0.404,26.65,66.0,0.181,11.925,-0.006,-0.376,-0.079,-5.24
13,14,33448,Justin Thomas,90.334,1445.342,0.5583153347732182,517.0,926.0,0.6558872305140961,791.0,1206.0,-0.31,0.6216867469879518,258.0,415.0,1.582,1908.0,1206.0,0.135,8.106,60.0,0.639,38.344,0.466,27.934,-0.478,-28.682
14,15,39971,Sungjae Im,86.194,1896.275,0.6361386138613861,771.0,1212.0,0.6513409961685823,1020.0,1566.0,-0.32,0.6373626373626373,348.0,546.0,1.568,2455.0,1566.0,0.344,27.202,79.0,0.054,4.254,0.264,20.861,0.138,10.891
15,16,29725,Tony Finau,86.038,1634.718,0.5836363636363636,642.0,1100.0,0.689873417721519,981.0,1422.0,-0.3,0.5804988662131519,256.0,441.0,1.612,2292.0,1422.0,0.161,11.455,71.0,0.808,57.395,0.36,25.543,-0.296,-21.044
16,17,30911,Tommy Fleetwood,76.413,1222.607,0.6921529175050302,688.0,994.0,0.672926447574335,860.0,1278.0,-0.28,0.6602870813397129,276.0,418.0,1.607,2054.0,1278.0,0.302,19.319,64.0,0.099,6.314,0.218,13.921,0.04,2.589
17,18,49960,Sepp Straka,74.92,1498.403,0.7003710575139147,755.0,1078.0,0.6753246753246753,936.0,1386.0,-0.27,0.5933333333333334,267.0,450.0,1.608,2229.0,1386.0,0.253,16.706,66.0,0.303,19.981,-0.333,-21.996,-0.018,-1.188
18,19,28089,Jason Day,74.722,1344.987,0.6115702479338843,592.0,968.0,0.6344605475040258,788.0,1242.0,-0.33,0.6299559471365639,286.0,454.0,1.551,1926.0,1242.0,0.132,7.767,59.0,-0.343,-20.226,0.153,9.008,0.541,31.906
19,20,30926,Chris Kirk,73.227,1318.088,0.655268022181146,709.0,1082.0,0.658008658008658,912.0,1386.0,-0.29,0.5949367088607594,282.0,474.0,1.597,2213.0,1386.0,0.266,17.828,67.0,0.155,10.412,0.11,7.387,-0.427,-28.587
20,21,27644,Brian Harman,70.928,1418.558,0.671875,817.0,1216.0,0.6583652618135377,1031.0,1566.0,-0.31,0.6149532710280374,329.0,535.0,1.584,2481.0,1566.0,0.083,6.522,79.0,0.322,25.451,0.092,7.26,0.291,23.027
21,22,45522,Christiaan Bezuidenhout,70.301,1406.024,0.5949008498583569,630.0,1059.0,0.6206140350877193,849.0,1368.0,-0.31,0.649325626204239,337.0,519.0,1.548,2117.0,1368.0,-0.233,-16.797,72.0,0.237,17.084,0.177,12.756,0.459,33.077
22,23,47504,Sam Burns,70.273,1264.911,0.6162109375,631.0,1024.0,0.6468797564687976,850.0,1314.0,-0.37,0.6077586206896551,282.0,464.0,1.543,2028.0,1314.0,0.265,17.519,66.0,0.173,11.422,0.069,4.524,0.496,32.73
23,24,56630,Akshay Bhatia,69.997,1609.924,0.655,786.0,1200.0,0.6602067183462532,1022.0,1548.0,-0.3,0.6178707224334601,325.0,526.0,1.585,2454.0,1548.0,0.188,14.831,79.0,0.264,20.847,-0.048,-3.819,0.345,27.24
24,25,52215,Robert MacIntyre,69.753,1534.562,0.5663983903420523,563.0,994.0,0.6597222222222222,855.0,1296.0,-0.3,0.6485260770975056,286.0,441.0,1.584,2053.0,1296.0,0.288,18.168,63.0,-0.051,-3.193,0.166,10.483,0.321,20.224
25,26,29420,Billy Horschel,69.596,1391.917,0.6375711574952562,672.0,1054.0,0.6644736842105263,909.0,1368.0,-0.3,0.6361655773420479,292.0,459.0,1.58,2161.0,1368.0,0.146,9.763,67.0,0.007,0.447,0.136,9.133,0.442,29.646
26,27,34363,Tyrrell Hatton,68.804,412.825,,,,,,,,,,,,,,,,,,,,,,
27,28,39977,Max Homa,66.308,1193.543,0.5662431941923775,624.0,1102.0,0.6371308016877637,906.0,1422.0,-0.29,0.622093023255814,321.0,516.0,1.589,2259.0,1422.0,-0.383,-26.396,69.0,0.145,10.03,0.208,14.36,-0.025,-1.716
28,29,46717,Viktor Hovland,65.721,854.371,0.606516290726817,484.0,798.0,0.6783625730994152,696.0,1026.0,-0.33,0.5515151515151515,182.0,330.0,1.588,1629.0,1026.0,0.507,26.347,52.0,0.458,23.835,-0.514,-26.729,0.269,14.008
29,30,24502,Adam Scott,65.05,1040.795,0.5828282828282828,577.0,990.0,0.6635367762128326,848.0,1278.0,-0.31,0.6209302325581395,267.0,430.0,1.581,2020.0,1278.0,0.321,19.933,62.0,0.114,7.047,0.104,6.467,0.399,24.713
30,31,57366,Cameron Young,64.562,1226.682,0.5961199294532628,676.0,1134.0,0.6618655692729767,965.0,1458.0,-0.3,0.59026369168357,291.0,493.0,1.596,2327.0,1458.0,0.375,26.991,72.0,0.116,8.387,0.005,0.328,-0.234,-16.877
31,32,33653,Thomas Detry,63.274,1202.203,0.5898268398268398,545.0,924.0,0.6334991708126037,764.0,1206.0,-0.32,0.6040723981900452,267.0,442.0,1.56,1881.0,1206.0,0.12,7.791,65.0,-0.196,-12.731,-0.226,-14.661,0.532,34.599
32,33,40250,Taylor Pendrith,63.061,1324.281,0.5738636363636364,606.0,1056.0,0.6703216374269005,917.0,1368.0,-0.34,0.5875831485587583,265.0,451.0,1.578,2159.0,1368.0,0.149,10.587,71.0,0.186,13.205,-0.047,-3.335,0.592,42.046
33,34,46414,Aaron Rai,62.757,1380.664,0.7201680672268908,857.0,1190.0,0.7157622739018088,1108.0,1548.0,-0.28,0.6318181818181818,278.0,440.0,1.631,2525.0,1548.0,0.303,22.701,75.0,0.676,50.694,0.152,11.383,0.054,4.082
34,35,39997,Corey Conners,62.453,1249.069,0.6428571428571429,783.0,1218.0,0.7030651340996169,1101.0,1566.0,-0.3,0.5655913978494623,263.0,465.0,1.629,2551.0,1566.0,0.411,32.071,78.0,0.776,60.507,-0.057,-4.432,-0.168,-13.099
35,36,34213,Grayson Murray,61.685,801.9,,,,,,,,,,,,,,,,,,,,,,
36,37,35532,Tom Hoge,61.353,1411.121,0.6072443181818182,855.0,1408.0,0.6765676567656765,1230.0,1818.0,-0.32,0.5782312925170068,340.0,588.0,1.592,2895.0,1818.0,-0.062,-5.608,91.0,0.754,68.644,-0.247,-22.479,0.037,3.401
37,38,36799,Stephan Jaeger,60.34,1206.8,0.6056466302367942,665.0,1098.0,0.6603375527426161,939.0,1422.0,-0.3,0.5962732919254659,288.0,483.0,1.598,2272.0,1422.0,0.309,22.537,73.0,-0.086,-6.285,0.159,11.627,0.01,0.726
38,39,58168,Davis Thompson,60.225,1385.179,0.6187800963081862,771.0,1246.0,0.6864197530864198,1112.0,1620.0,-0.3,0.6082677165354331,309.0,508.0,1.601,2594.0,1620.0,0.28,22.368,80.0,0.306,24.49,0.432,34.55,0.042,3.359
39,40,27349,Alex Noren,59.259,1066.666,0.6377870563674322,611.0,958.0,0.6827697262479872,848.0,1242.0,-0.27,0.6725888324873096,265.0,394.0,1.597,1984.0,1242.0,0.118,7.076,60.0,0.286,17.168,0.394,23.635,0.213,12.753
40,41,49771,J.T. Poston,56.79,1192.599,0.6549413735343383,782.0,1194.0,0.6607843137254902,1011.0,1530.0,-0.31,0.5992292870905588,311.0,519.0,1.588,2429.0,1530.0,-0.011,-0.846,77.0,0.012,0.894,0.233,17.924,0.252,19.439
41,42,33141,Keegan Bradley,56.591,1075.221,0.6254512635379061,693.0,1108.0,0.6708860759493671,954.0,1422.0,-0.3,0.5641025641025641,264.0,468.0,1.61,2290.0,1422.0,0.173,12.309,71.0,0.301,21.339,0.008,0.552,-0.141,-10.03
42,43,40098,Matt Fitzpatrick,56.526,1073.991,0.6317907444668008,628.0,994.0,0.6439749608763693,823.0,1278.0,-0.31,0.6175824175824176,281.0,455.0,1.574,2012.0,1278.0,0.036,2.227,62.0,-0.122,-7.569,0.075,4.658,0.417,25.828
43,44,37455,Si Woo Kim,55.597,1167.537,0.6715686274509803,822.0,1224.0,0.6540404040404041,1036.0,1584.0,-0.31,0.6368613138686131,349.0,548.0,1.576,2496.0,1584.0,0.28,21.85,78.0,0.506,39.478,0.193,15.091,-0.218,-17.037
44,45,33399,Adam Hadwin,53.672,1180.792,0.6197822141560798,683.0,1102.0,0.6490857946554149,923.0,1422.0,-0.3,0.5551102204408818,277.0,499.0,1.594,2267.0,1422.0,-0.002,-0.16,71.0,-0.053,-3.755,0.004,0.313,0.023,1.65
45,46,47483,Will Zalatoris,53.638,1019.118,0.5995623632385121,548.0,914.0,0.6531986531986532,776.0,1188.0,-0.25,0.6116504854368932,252.0,412.0,1.63,1936.0,1188.0,0.128,7.524,59.0,0.197,11.615,-0.127,-7.513,-0.181,-10.656
46,47,45157,Cam Davis,52.549,1050.97,0.6108007448789572,656.0,1074.0,0.6349206349206349,880.0,1386.0,-0.31,0.575098814229249,291.0,506.0,1.594,2209.0,1386.0,-0.109,-7.842,72.0,-0.105,-7.548,0.041,2.978,-0.254,-18.272
47,48,34099,Harris English,51.014,969.275,0.6536098310291859,851.0,1302.0,0.6589008363201911,1103.0,1674.0,-0.3,0.637478108581436,364.0,571.0,1.585,2653.0,1674.0,0.095,7.425,78.0,-0.325,-25.33,0.097,7.599,0.491,38.321
48,49,47993,Denny McCarthy,49.757,1044.901,0.6262295081967213,764.0,1220.0,0.6264367816091954,981.0,1566.0,-0.32,0.6615384615384615,387.0,585.0,1.548,2424.0,1566.0,-0.324,-25.585,79.0,-0.017,-1.304,0.358,28.272,0.699,55.194
49,50,22405,Justin Rose,48.946,881.025,0.6320093457943925,541.0,856.0,0.6329690346083788,695.0,1098.0,-0.29,0.6253101736972705,252.0,403.0,1.586,1741.0,1098.0,-0.061,-3.238,53.0,-0.377,-19.985,-0.029,-1.54,0.022,1.176
50,51,37378,Min Woo Lee,48.936,782.983,0.574398249452954,525.0,914.0,0.6540404040404041,777.0,1188.0,-0.3,0.5523114355231143,227.0,411.0,1.617,1921.0,1188.0,0.69,40.709,59.0,-0.213,-12.539,0.111,6.524,-0.11,-6.519
51,52,35506,Mackenzie Hughes,48.865,1026.166,0.5484848484848485,724.0,1320.0,0.6368421052631579,1089.0,1710.0,-0.33,0.6473429951690821,402.0,621.0,1.55,2650.0,1710.0,-0.289,-24.289,84.0,-0.192,-16.1,0.444,37.288,0.742,62.309
52,53,57362,Austin Eckroat,48.599,1069.185,0.6786283891547049,851.0,1254.0,0.6617283950617284,1072.0,1620.0,-0.3,0.5675182481751825,311.0,548.0,1.6,2592.0,1620.0,0.333,25.954,78.0,0.395,30.847,-0.243,-18.943,-0.172,-13.427
53,54,55182,Tom Kim,47.791,1051.407,0.6491862567811935,718.0,1106.0,0.6617440225035162,941.0,1422.0,-0.3,0.58004158004158,279.0,481.0,1.6,2275.0,1422.0,0.132,9.504,72.0,0.263,18.939,0.057,4.105,-0.081,-5.824
54,55,51977,Max Greyserman,47.307,1040.756,0.590951932139491,627.0,1061.0,0.6854256854256854,950.0,1386.0,-0.33,0.6215596330275229,271.0,436.0,1.576,2185.0,1386.0,0.18,11.525,64.0,0.013,0.838,-0.072,-4.628,0.749,47.912
55,56,47420,Jake Knapp,46.167,969.516,0.5622605363984674,587.0,1044.0,0.654074074074074,883.0,1350.0,-0.3,0.5460385438972163,255.0,467.0,1.615,2180.0,1350.0,-0.045,-3.127,69.0,0.001,0.069,-0.197,-13.573,-0.082,-5.683
56,57,25493,Nick Taylor,46.144,969.025,0.6169844020797227,712.0,1154.0,0.6479250334672021,968.0,1494.0,-0.27,0.6045627376425855,318.0,526.0,1.608,2402.0,1494.0,-0.12,-9.084,76.0,0.243,18.461,0.051,3.885,-0.042,-3.186
57,58,36699,Patrick Rodgers,43.28,952.156,0.5913669064748202,822.0,1390.0,0.6983333333333334,1257.0,1800.0,-0.29,0.6040515653775322,328.0,543.0,1.615,2907.0,1800.0,0.189,16.783,89.0,-0.191,-17.03,0.086,7.641,0.125,11.122
58,59,27064,Jhonattan Vegas,42.818,685.087,0.5905432595573441,587.0,994.0,0.7229938271604939,937.0,1296.0,-0.31,0.5682451253481894,204.0,359.0,1.646,2133.0,1296.0,0.611,37.245,61.0,0.433,26.419,-0.198,-12.086,-0.28,-17.106
59,60,40006,Erik van Rooyen,40.641,812.81,0.5989110707803993,660.0,1102.0,0.6983122362869199,993.0,1422.0,-0.32,0.5710955710955711,245.0,429.0,1.616,2298.0,1422.0,0.278,19.479,70.0,0.095,6.623,-0.216,-15.113,0.403,28.205
60,61,46442,Maverick McNealy,40.385,807.702,0.6121970289288506,783.0,1279.0,0.6793478260869565,1125.0,1656.0,-0.33,0.6516007532956686,346.0,531.0,1.572,2603.0,1656.0,0.391,30.909,79.0,-0.08,-6.359,0.374,29.57,0.351,27.764
61,62,29535,Brice Garnett,39.713,516.263,0.7050898203592815,471.0,668.0,0.7106481481481481,614.0,864.0,-0.27,0.608,152.0,250.0,1.632,1410.0,864.0,-0.173,-7.444,43.0,0.185,7.942,0.263,11.292,-0.424,-18.245
62,63,34046,Jordan Spieth,37.233,781.9,0.6244897959183674,612.0,980.0,0.6587301587301587,830.0,1260.0,-0.32,0.5395348837209303,232.0,430.0,1.59,2003.0,1260.0,0.5,31.472,63.0,-0.204,-12.856,-0.024,-1.539,-0.006,-0.368
63,64,47591,Eric Cole,35.108,947.913,0.5724832214765101,853.0,1490.0,0.6266874350986501,1207.0,1926.0,-0.33,0.6161335187760779,443.0,719.0,1.562,3009.0,1926.0,-0.346,-33.206,96.0,0.204,19.561,0.172,16.48,0.258,24.753
64,65,59866,Nick Dunlap,35.039,700.781,0.5524625267665952,516.0,934.0,0.642620232172471,775.0,1206.0,-0.33,0.5498839907192575,237.0,431.0,1.587,1914.0,1206.0,-0.245,-15.703,64.0,0.205,13.15,-0.109,-6.979,-0.006,-0.372
65,66,49947,Taylor Moore,34.911,802.955,0.590843023255814,813.0,1376.0,0.6638608305274972,1183.0,1782.0,-0.29,0.6060100166944908,363.0,599.0,1.598,2848.0,1782.0,0.261,23.007,88.0,-0.289,-25.475,0.048,4.25,0.19,16.716
66,67,34466,Peter Malnati,34.51,793.722,0.5268714011516314,549.0,1042.0,0.6140740740740741,829.0,1350.0,-0.27,0.5873320537428023,306.0,521.0,1.593,2150.0,1350.0,-0.589,-40.079,68.0,-0.308,-20.95,0.061,4.176,0.257,17.505
67,68,36801,Mark Hubbard,33.484,736.64,0.6669096209912536,915.0,1372.0,0.6818181818181818,1215.0,1782.0,-0.31,0.5908289241622575,335.0,567.0,1.605,2860.0,1782.0,0.054,4.767,88.0,0.249,21.943,-0.024,-2.12,0.017,1.513
68,69,28252,Seamus Power,33.468,702.825,0.6452095808383234,862.0,1336.0,0.6788194444444444,1173.0,1728.0,-0.29,0.6396396396396397,355.0,555.0,1.601,2767.0,1728.0,0.059,5.219,89.0,0.238,21.218,0.039,3.488,0.041,3.608
69,70,57364,Michael Thorbjornsen,33.073,231.508,,,,,,,,,,,,,,,,,,,,,,
70,71,30927,Brendon Todd,32.729,720.03,0.6806966618287373,938.0,1378.0,0.6307519640852974,1124.0,1782.0,-0.29,0.6200607902735562,408.0,658.0,1.571,2800.0,1782.0,-0.398,-35.451,89.0,-0.423,-37.618,0.3,26.689,0.409,36.427
71,72,47679,Victor Perez,32.705,654.092,0.601010101010101,595.0,990.0,0.6851851851851852,888.0,1296.0,-0.28,0.5955882352941176,243.0,408.0,1.627,2108.0,1296.0,0.084,5.141,61.0,0.305,18.602,-0.033,-2.041,0.126,7.694
72,73,31646,Emiliano Grillo,32.589,684.369,0.6363636363636364,756.0,1188.0,0.6588235294117647,1008.0,1530.0,-0.29,0.578544061302682,302.0,522.0,1.607,2459.0,1530.0,0.057,4.377,77.0,0.272,20.947,-0.408,-31.451,0.129,9.967
73,74,54591,Ben Griffin,32.123,867.317,0.592139175257732,919.0,1552.0,0.6979166666666666,1407.0,2016.0,-0.3,0.638752052545156,389.0,609.0,1.599,3223.0,2016.0,-0.12,-10.887,91.0,0.327,29.735,0.271,24.643,0.238,21.68
74,75,48117,Kurt Kitayama,30.133,602.667,0.592896174863388,651.0,1098.0,0.6884669479606188,979.0,1422.0,-0.29,0.6275395033860045,278.0,443.0,1.621,2305.0,1422.0,0.446,31.195,70.0,0.608,42.55,0.118,8.225,-0.433,-30.333
75,76,52453,Nicolai Højgaard,29.532,531.57,0.5430379746835443,429.0,790.0,0.6510721247563352,668.0,1026.0,-0.26,0.5586592178770949,200.0,358.0,1.643,1686.0,1026.0,0.013,0.571,45.0,0.359,16.152,-0.316,-14.221,-0.231,-10.401
76,77,47995,Davis Riley,29.422,647.293,0.5662055335968379,573.0,1012.0,0.6430745814307458,845.0,1314.0,-0.31,0.5735607675906184,269.0,469.0,1.597,2098.0,1314.0,-0.36,-25.192,70.0,-0.486,-34.01,-0.074,-5.146,0.289,20.216
77,78,12716,Charley Hoffman,28.924,549.564,0.5836776859504132,565.0,968.0,0.6698412698412698,844.0,1260.0,-0.32,0.5841346153846154,243.0,416.0,1.602,2019.0,1260.0,0.135,8.257,61.0,0.17,10.355,0.052,3.169,-0.241,-14.704
78,79,34256,Andrew Putnam,28.404,624.886,0.6569872958257713,724.0,1102.0,0.6891701828410689,980.0,1422.0,-0.27,0.6221719457013575,275.0,442.0,1.605,2282.0,1422.0,-0.485,-36.348,75.0,0.212,15.894,0.28,20.987,0.289,21.693
79,80,25900,Lucas Glover,28.392,596.223,0.693076923076923,901.0,1300.0,0.6911589008363201,1157.0,1674.0,-0.29,0.5899419729206963,305.0,517.0,1.612,2698.0,1674.0,-0.017,-1.286,77.0,0.71,54.663,0.168,12.943,-0.215,-16.561
80,81,27129,Luke List,27.328,601.225,0.5847299813780261,628.0,1074.0,0.6796536796536796,942.0,1386.0,-0.3,0.5585585585585585,248.0,444.0,1.639,2271.0,1386.0,0.103,6.814,66.0,-0.16,-10.558,-0.25,-16.471,-0.01,-0.665
81,82,39546,Keith Mitchell,27.233,599.123,0.5909090909090909,663.0,1122.0,0.7043895747599451,1027.0,1458.0,-0.31,0.6032482598607889,260.0,431.0,1.63,2376.0,1458.0,0.615,46.748,76.0,0.531,40.343,0.006,0.438,-0.33,-25.071
82,83,29908,C.T. Pan,26.762,454.962,0.6442542787286064,527.0,818.0,0.6779661016949152,720.0,1062.0,-0.28,0.6286549707602339,215.0,342.0,1.614,1714.0,1062.0,-0.023,-1.323,57.0,0.159,9.047,0.36,20.539,0.045,2.554
83,84,51997,Andrew Novak,25.914,518.289,0.5875656742556917,671.0,1142.0,0.7115127175368139,1063.0,1494.0,-0.31,0.62877030162413,271.0,431.0,1.607,2401.0,1494.0,0.159,12.277,77.0,0.43,33.09,0.2,15.396,-0.003,-0.248
84,85,54628,Lee Hodges,24.84,596.153,0.6674565560821485,845.0,1266.0,0.6813186813186813,1116.0,1638.0,-0.26,0.603448275862069,315.0,522.0,1.631,2672.0,1638.0,-0.023,-1.996,86.0,0.363,31.202,-0.247,-21.213,-0.302,-25.947
85,86,57975,Harry Hall,24.64,517.431,0.5751811594202898,635.0,1104.0,0.6638888888888889,956.0,1440.0,-0.35,0.6239669421487604,302.0,484.0,1.556,2240.0,1440.0,-0.181,-12.883,71.0,0.167,11.892,0.406,28.848,0.279,19.84
86,87,36884,Ben Kohles,24.114,530.5,0.7056827820186599,832.0,1179.0,0.7,1071.0,1530.0,-0.26,0.5359477124183006,246.0,459.0,1.654,2531.0,1530.0,0.015,1.072,73.0,0.169,12.343,-0.332,-24.204,-0.201,-14.637
87,88,40115,Adam Svensson,24.034,600.841,0.6570469798657718,979.0,1490.0,0.6754932502596054,1301.0,1926.0,-0.27,0.6144,384.0,625.0,1.623,3126.0,1926.0,0.059,5.901,100.0,0.344,34.362,0.145,14.478,-0.447,-44.711
88,89,51287,Ryo Hisatsune,23.744,522.361,0.6342512908777969,737.0,1162.0,0.7043650793650794,1065.0,1512.0,-0.28,0.5861297539149888,262.0,447.0,1.633,2469.0,1512.0,0.041,2.888,70.0,0.181,12.656,-0.016,-1.13,0.065,4.529
89,90,35461,Beau Hossler,23.702,521.439,0.5966101694915255,704.0,1180.0,0.6954248366013072,1064.0,1530.0,-0.31,0.628755364806867,293.0,466.0,1.593,2438.0,1530.0,0.086,6.798,79.0,-0.374,-29.578,0.385,30.443,0.496,39.15
90,91,47347,Adam Schenk,23.3,582.509,0.6004672897196262,771.0,1284.0,0.6515700483091788,1079.0,1656.0,-0.28,0.5944540727902946,343.0,577.0,1.609,2664.0,1656.0,0.188,15.237,81.0,-0.531,-43.003,-0.094,-7.647,0.026,2.105
91,92,52666,Sami Valimaki,23.232,418.183,0.5992736077481841,495.0,826.0,0.6509259259259259,703.0,1080.0,-0.31,0.5702917771883289,215.0,377.0,1.604,1732.0,1080.0,0.067,3.815,57.0,-0.036,-2.042,-0.303,-17.271,0.06,3.429
92,93,59143,Mac Meissner,22.609,474.79,0.6204819277108434,618.0,996.0,0.6998456790123457,907.0,1296.0,-0.3,0.6272493573264781,244.0,389.0,1.625,2106.0,1296.0,0.184,11.988,65.0,0.405,26.349,0.172,11.161,-0.056,-3.639
93,94,52375,Doug Ghim,21.902,459.947,0.6804451510333863,856.0,1258.0,0.7264957264957265,1190.0,1638.0,-0.28,0.6227678571428571,279.0,448.0,1.643,2692.0,1638.0,0.413,32.666,79.0,0.659,52.069,-0.011,-0.863,-0.191,-15.115
94,95,55789,Taylor Montgomery,21.689,325.331,0.49064171122994654,367.0,748.0,0.6049382716049383,588.0,972.0,-0.31,0.6171875,237.0,384.0,1.544,1501.0,972.0,-1.352,-63.557,47.0,-0.442,-20.782,0.224,10.548,0.866,40.708
95,96,57900,Chandler Phillips,21.355,427.093,0.6442307692307693,737.0,1144.0,0.6539491298527443,977.0,1494.0,-0.33,0.6344294003868471,328.0,517.0,1.564,2336.0,1494.0,0.005,0.369,75.0,0.101,7.546,0.026,1.937,0.322,24.138
96,97,45242,Kevin Yu,21.321,469.054,0.596646942800789,605.0,1014.0,0.715372907153729,940.0,1314.0,-0.27,0.5989304812834224,224.0,374.0,1.657,2177.0,1314.0,0.539,35.574,66.0,0.319,21.027,-0.233,-15.392,-0.288,-19.028
97,98,34587,Chan Kim,20.556,452.227,0.6458333333333334,713.0,1104.0,0.7069444444444445,1018.0,1440.0,-0.29,0.6398104265402843,270.0,422.0,1.622,2336.0,1440.0,0.242,17.189,71.0,0.354,25.166,0.323,22.96,-0.412,-29.241
98,99,59095,Chris Gotterup,20.524,451.526,0.49540347293156284,485.0,979.0,0.6768388106416275,865.0,1278.0,-0.28,0.585956416464891,242.0,413.0,1.626,2078.0,1278.0,0.253,16.717,66.0,-0.419,-27.624,0.109,7.188,-0.083,-5.462
99,100,32333,Kevin Tway,20.34,284.762,0.6229116945107399,522.0,838.0,0.7027777777777777,759.0,1080.0,-0.29,0.5950155763239875,191.0,321.0,1.622,1752.0,1080.0,0.177,7.972,45.0,-0.565,-25.442,0.171,7.696,0.362,16.31
100,101,54576,Patrick Fishburn,20.185,383.506,0.6268041237113402,608.0,970.0,0.7420634920634921,935.0,1260.0,-0.28,0.6123076923076923,199.0,325.0,1.659,2090.0,1260.0,0.616,34.483,56.0,-0.083,-4.639,-0.13,-7.306,0.078,4.345
101,102,40162,Justin Lower,20.052,461.194,0.6062639821029083,813.0,1341.0,0.6958762886597938,1215.0,1746.0,-0.3,0.5856873822975518,311.0,531.0,1.605,2802.0,1746.0,-0.234,-19.415,83.0,0.166,13.781,-0.081,-6.694,0.35,29.014
102,103,39324,J.J. Spaun,19.932,418.564,0.6173285198555957,684.0,1108.0,0.7090277777777778,1021.0,1440.0,-0.3,0.5775656324582339,242.0,419.0,1.634,2353.0,1440.0,-0.016,-1.158,73.0,0.469,34.273,-0.029,-2.143,-0.035,-2.529
103,104,28775,Nate Lashley,19.648,392.951,0.6695906432748538,687.0,1026.0,0.6996996996996997,932.0,1332.0,-0.25,0.6375,255.0,400.0,1.631,2172.0,1332.0,-0.243,-15.051,62.0,0.212,13.139,0.219,13.578,0.047,2.935
104,105,23108,Matt Kuchar,19.119,382.375,0.6607495069033531,670.0,1014.0,0.6643835616438356,873.0,1314.0,-0.27,0.6031746031746031,266.0,441.0,1.608,2113.0,1314.0,-0.228,-15.258,67.0,-0.124,-8.277,0.245,16.382,0.351,23.534
105,106,55893,Sam Stevens,18.972,436.354,0.5937961595273265,804.0,1354.0,0.7001133786848073,1235.0,1764.0,-0.29,0.6294896030245747,333.0,529.0,1.609,2839.0,1764.0,0.433,34.645,80.0,-0.296,-23.707,0.098,7.876,0.306,24.486
106,107,29936,Ryan Fox,18.834,376.675,0.5232342007434945,563.0,1076.0,0.6595441595441596,926.0,1404.0,-0.31,0.5585774058577406,267.0,478.0,1.619,2273.0,1404.0,0.175,12.102,69.0,0.008,0.523,-0.232,-16.022,0.181,12.512
107,108,27139,David Skinns,18.818,376.362,0.5520282186948854,626.0,1134.0,0.6998644986449865,1033.0,1476.0,-0.26,0.5778781038374717,256.0,443.0,1.642,2423.0,1476.0,-0.234,-15.879,68.0,0.27,18.332,-0.113,-7.667,-0.082,-5.601
108,109,51696,Rico Hoey,18.724,393.213,0.6348797250859106,739.0,1164.0,0.708994708994709,1072.0,1512.0,-0.31,0.5977272727272728,263.0,440.0,1.628,2461.0,1512.0,0.586,39.233,67.0,0.155,10.355,-0.064,-4.256,-0.254,-17.025
109,110,32791,K.H. Lee,18.69,411.181,0.6332404828226555,682.0,1077.0,0.6766381766381766,950.0,1404.0,-0.29,0.5969162995594713,271.0,454.0,1.616,2269.0,1404.0,0.118,8.023,68.0,-0.233,-15.836,0.168,11.457,0.155,10.542
110,111,32102,Rickie Fowler,18.688,373.759,0.6059479553903345,652.0,1076.0,0.65007215007215,901.0,1386.0,-0.29,0.5835051546391753,283.0,485.0,1.597,2214.0,1386.0,-0.18,-12.264,68.0,-0.117,-7.937,-0.049,-3.312,0.136,9.238
111,112,30163,Henrik Norlander,18.275,255.848,0.6797385620915033,624.0,918.0,0.7171717171717171,852.0,1188.0,-0.29,0.6696428571428571,225.0,336.0,1.623,1928.0,1188.0,0.034,1.687,49.0,0.571,27.961,0.021,1.016,-0.178,-8.713
112,113,48887,Matt Wallace,17.717,354.336,0.5574324324324325,495.0,888.0,0.6953125,801.0,1152.0,-0.28,0.6068376068376068,213.0,351.0,1.628,1876.0,1152.0,-0.246,-14.262,58.0,0.225,13.078,0.268,15.551,0.069,4.026
113,114,39327,Ben Silverman,16.964,373.211,0.6289424860853432,678.0,1078.0,0.7008547008547008,984.0,1404.0,-0.28,0.6404761904761904,269.0,420.0,1.609,2259.0,1404.0,0.097,6.874,71.0,-0.008,-0.563,0.078,5.526,0.55,39.033
114,115,51349,Nico Echavarria,16.695,367.279,0.6527777777777778,799.0,1224.0,0.7007575757575758,1110.0,1584.0,-0.32,0.580168776371308,275.0,474.0,1.613,2555.0,1584.0,-0.029,-2.027,70.0,0.03,2.1,-0.062,-4.308,0.083,5.845
115,116,47983,Chad Ramey,16.677,366.896,0.6506968641114983,747.0,1148.0,0.6880856760374833,1028.0,1494.0,-0.28,0.5793991416309013,270.0,466.0,1.622,2423.0,1494.0,-0.116,-8.006,69.0,-0.402,-27.75,0.056,3.86,0.406,27.985
116,117,40058,Zac Blair,16.372,343.811,0.6736842105263158,768.0,1140.0,0.6666666666666666,984.0,1476.0,-0.26,0.6300813008130082,310.0,492.0,1.612,2380.0,1476.0,-0.294,-21.742,74.0,0.11,8.148,0.21,15.54,-0.114,-8.409
117,118,51894,Vince Whaley,15.86,285.48,0.547,547.0,1000.0,0.6674382716049383,865.0,1296.0,-0.32,0.6218097447795824,268.0,431.0,1.588,2058.0,1296.0,-0.62,-33.486,54.0,-0.337,-18.215,0.263,14.2,0.518,27.96
118,119,52513,Carson Young,15.714,345.707,0.7050420168067227,839.0,1190.0,0.6957364341085271,1077.0,1548.0,-0.3,0.5859872611464968,276.0,471.0,1.625,2515.0,1548.0,0.301,22.293,74.0,0.153,11.337,-0.327,-24.168,0.129,9.583
119,120,59836,Pierceson Coody,15.399,307.976,0.583793738489871,634.0,1086.0,0.6866096866096866,964.0,1404.0,-0.31,0.55,242.0,440.0,1.613,2265.0,1404.0,0.072,4.469,62.0,-0.378,-23.465,-0.273,-16.902,0.505,31.295
120,121,60004,Jacob Bridgeman,15.387,307.734,0.5950184501845018,645.0,1084.0,0.6837606837606838,960.0,1404.0,-0.34,0.6126126126126126,272.0,444.0,1.584,2224.0,1404.0,-0.251,-15.059,60.0,0.084,5.047,0.14,8.371,0.584,35.064
121,122,29289,S.Y. Noh,15.017,105.117,,,,,,,,,,,,,,,,,,,,,,
122,123,50484,Hayden Springer,14.902,283.146,0.594188376753507,593.0,998.0,0.6921296296296297,897.0,1296.0,-0.31,0.606516290726817,242.0,399.0,1.613,2091.0,1296.0,0.269,15.046,56.0,-0.119,-6.675,0.031,1.721,0.177,9.905
123,124,54783,Dylan Wu,14.881,312.509,0.6101083032490975,676.0,1108.0,0.68125,981.0,1440.0,-0.29,0.5925925925925926,272.0,459.0,1.615,2326.0,1440.0,-0.287,-20.088,70.0,0.18,12.615,0.048,3.357,0.103,7.232
124,125,6373,José María Olazábal,14.667,14.667,,,,,,,,,,,,,,,,,,,,,,
125,125,32139,Danny Willett,14.667,14.667,,,,,,,,,,,,,,,,,,,,,,
126,127,34076,Joel Dahmen,14.534,319.737,0.6739482200647249,833.0,1236.0,0.7103620474406991,1138.0,1602.0,-0.26,0.584051724137931,271.0,464.0,1.644,2634.0,1602.0,0.278,20.275,73.0,0.486,35.458,-0.144,-10.517,-0.693,-50.558
127,128,48084,Wesley Bryan,14.293,171.52,0.6057142857142858,424.0,700.0,0.6977777777777778,628.0,900.0,-0.34,0.5882352941176471,160.0,272.0,1.61,1449.0,900.0,0.047,1.661,35.0,-0.142,-4.968,0.135,4.71,-0.158,-5.521
128,129,51600,Jimmy Stanger,14.215,213.227,,,,,,,,,,,,,,,,,,,,,,
129,130,39975,Michael Kim,14.12,324.754,0.5809608540925267,653.0,1124.0,0.7016460905349794,1023.0,1458.0,-0.32,0.5770114942528736,251.0,435.0,1.605,2340.0,1458.0,-0.239,-15.028,63.0,0.311,19.624,0.027,1.722,0.084,5.297
130,131,29221,Webb Simpson,14.071,182.929,0.5887323943661972,418.0,710.0,0.6176470588235294,567.0,918.0,-0.28,0.6096866096866097,214.0,351.0,1.584,1454.0,918.0,-0.1,-4.907,49.0,-0.321,-15.715,0.576,28.221,-0.299,-14.66
131,132,32367,Jorge Campillo,13.816,234.877,0.6176470588235294,441.0,714.0,0.6634615384615384,621.0,936.0,-0.29,0.6126984126984127,193.0,315.0,1.611,1508.0,936.0,-0.096,-4.029,42.0,0.157,6.602,0.29,12.2,-0.11,-4.634
132,133,34374,Erik Barnes,13.778,248.002,0.536813922356091,401.0,747.0,0.6162551440329218,599.0,972.0,-0.25,0.5656836461126006,211.0,373.0,1.599,1554.0,972.0,-1.143,-50.277,44.0,-0.662,-29.135,-0.035,-1.529,-0.028,-1.252
133,134,35617,Martin Trainer,13.77,220.325,0.5518731988472623,383.0,694.0,0.6211111111111111,559.0,900.0,-0.25,0.5777126099706745,197.0,341.0,1.616,1454.0,900.0,-0.649,-26.606,41.0,-1.028,-42.163,-0.051,-2.083,0.347,14.228
134,135,32757,Patton Kizzire,13.401,241.215,0.6331018518518519,547.0,864.0,0.7195340501792115,803.0,1116.0,-0.3,0.6006389776357828,188.0,313.0,1.627,1816.0,1116.0,-0.062,-3.304,53.0,0.458,24.283,0.059,3.116,-0.167,-8.842
135,136,36871,Matt NeSmith,13.339,293.463,0.6387225548902196,640.0,1002.0,0.7060185185185185,915.0,1296.0,-0.23,0.5643044619422573,215.0,381.0,1.676,2172.0,1296.0,-0.02,-1.217,62.0,-0.065,-4.059,-0.213,-13.181,-0.187,-11.575
136,137,50188,S.H. Kim,13.301,345.816,0.5693681318681318,829.0,1456.0,0.6216931216931217,1175.0,1890.0,-0.34,0.5916083916083916,423.0,715.0,1.567,2962.0,1890.0,-0.206,-18.521,90.0,-0.626,-56.369,0.164,14.778,0.491,44.152
137,138,52514,Trace Crowe,13.074,235.334,0.5995762711864406,566.0,944.0,0.6650326797385621,814.0,1224.0,-0.34,0.5707317073170731,234.0,410.0,1.59,1946.0,1224.0,-0.134,-7.111,53.0,-0.069,-3.659,0.055,2.906,0.074,3.905
138,139,20766,Padraig Harrington,13.057,91.4,,,,,,,,,,,,,,,,,,,,,,
139,140,55454,Carl Yuan,12.984,272.666,0.59255079006772,525.0,886.0,0.6310763888888888,727.0,1152.0,-0.28,0.5858823529411765,249.0,425.0,1.605,1849.0,1152.0,0.23,12.409,54.0,-0.359,-19.378,-0.048,-2.613,-0.63,-34.009
140,141,48867,Matti Schmid,12.884,283.452,0.6101851851851852,659.0,1080.0,0.6972934472934473,979.0,1404.0,-0.31,0.5835294117647059,248.0,425.0,1.628,2286.0,1404.0,0.259,16.327,63.0,0.035,2.201,-0.243,-15.308,0.26,16.358
141,142,37275,Sam Ryder,12.832,282.305,0.6583493282149712,686.0,1042.0,0.6785185185185185,916.0,1350.0,-0.32,0.5552995391705069,241.0,434.0,1.619,2186.0,1350.0,-0.332,-19.938,60.0,0.263,15.801,-0.227,-13.593,-0.127,-7.604
142,143,38991,Alejandro Tosti,12.693,266.546,0.5292887029288703,506.0,956.0,0.6505636070853462,808.0,1242.0,-0.31,0.5184331797235023,225.0,434.0,1.639,2036.0,1242.0,0.547,33.36,61.0,-0.602,-36.728,-0.244,-14.914,-0.414,-25.241
143,144,24024,Zach Johnson,12.633,202.129,0.6626865671641791,444.0,670.0,0.6620370370370371,572.0,864.0,-0.26,0.6164383561643836,180.0,292.0,1.603,1385.0,864.0,-0.099,-4.258,43.0,-0.121,-5.202,0.117,5.041,0.42,18.076
144,145,33413,Ben Martin,12.169,182.528,,,,,,,,,,,,,,,,,,,,,,
145,146,35879,Kelly Kraft,11.613,116.132,,,,,,,,,,,,,,,,,,,,,,
146,147,46340,Alex Smalley,11.16,256.672,0.6242718446601941,643.0,1030.0,0.7064564564564565,941.0,1332.0,-0.29,0.5677749360613811,222.0,391.0,1.649,2197.0,1332.0,0.352,20.74,59.0,-0.086,-5.084,-0.198,-11.705,-0.418,-24.666
147,148,51890,Greyson Sigg,11.039,253.896,0.6520912547528517,686.0,1052.0,0.7149122807017544,978.0,1368.0,-0.22,0.6487179487179487,253.0,390.0,1.661,2272.0,1368.0,-0.066,-4.384,66.0,0.414,27.328,0.234,15.426,-0.502,-33.119
148,149,40026,Daniel Berger,11.029,220.589,0.7041587901701323,745.0,1058.0,0.7119883040935673,974.0,1368.0,-0.29,0.5583756345177665,220.0,394.0,1.652,2260.0,1368.0,0.385,23.112,60.0,0.218,13.102,0.087,5.23,-0.404,-24.239
149,150,30692,Scott Stallings,10.978,98.8,,,,,,,,,,,,,,,,,,,,,,
150,151,34563,Chesson Hadley,10.803,226.856,0.5949781659388647,545.0,916.0,0.6843434343434344,813.0,1188.0,-0.29,0.5733333333333334,215.0,375.0,1.632,1939.0,1188.0,0.062,3.808,61.0,-0.154,-9.383,-0.22,-13.449,0.265,16.188
151,152,33968,Thorbjørn Olesen,10.651,170.409,0.5545454545454546,366.0,660.0,0.6377314814814815,551.0,864.0,-0.3,0.5654952076677316,177.0,313.0,1.61,1391.0,864.0,-0.372,-14.873,40.0,0.022,0.893,0.2,7.986,0.251,10.021
152,153,32070,Rafael Campos,10.459,188.253,0.5997596153846154,499.0,832.0,0.6833333333333333,738.0,1080.0,-0.28,0.5877192982456141,201.0,342.0,1.638,1769.0,1080.0,-0.18,-7.926,44.0,0.061,2.674,-0.315,-13.857,-0.288,-12.686
153,154,46441,Robby Shelton,10.343,206.864,0.5977229601518027,630.0,1054.0,0.6469298245614035,885.0,1368.0,-0.3,0.5962732919254659,288.0,483.0,1.588,2172.0,1368.0,-0.577,-38.084,66.0,-0.162,-10.705,0.351,23.154,0.036,2.359
154,155,27936,Martin Laird,10.34,196.463,0.6085657370517928,611.0,1004.0,0.6936728395061729,899.0,1296.0,-0.27,0.6120906801007556,243.0,397.0,1.619,2098.0,1296.0,-0.357,-20.705,58.0,-0.328,-19.05,0.303,17.559,0.164,9.532
155,156,55708,Hayden Buckley,10.2,224.398,0.6548582995951417,647.0,988.0,0.6580594679186228,841.0,1278.0,-0.25,0.5789473684210527,253.0,437.0,1.629,2082.0,1278.0,0.069,4.135,60.0,-0.298,-17.899,-0.233,-13.974,-0.284,-17.035
156,157,26596,Ryan Moore,10.028,200.565,0.7038152610441767,701.0,996.0,0.6882716049382716,892.0,1296.0,-0.24,0.6212871287128713,251.0,404.0,1.637,2122.0,1296.0,-0.048,-3.085,64.0,0.427,27.348,0.214,13.7,-0.58,-37.132
157,158,22371,Aaron Baddeley,9.73,175.131,0.5792079207920792,585.0,1010.0,0.6339421613394216,833.0,1314.0,-0.28,0.6424116424116424,309.0,481.0,1.57,2063.0,1314.0,-1.031,-60.847,59.0,-0.359,-21.197,0.404,23.848,0.487,28.741
158,159,32640,Troy Merritt,9.665,212.622,0.6611650485436893,681.0,1030.0,0.6606606606606606,880.0,1332.0,-0.29,0.581858407079646,263.0,452.0,1.619,2157.0,1332.0,-0.123,-7.143,58.0,0.163,9.433,0.049,2.841,-0.381,-22.107
159,160,34310,Alexander Björk,9.028,126.397,,,,,,,,,,,,,,,,,,,,,,
160,161,32366,Kevin Chappell,9.011,126.16,0.5948717948717949,464.0,780.0,0.6825396825396826,688.0,1008.0,-0.3,0.584375,187.0,320.0,1.628,1641.0,1008.0,-0.112,-4.609,41.0,-0.307,-12.597,0.063,2.572,0.058,2.389
161,162,34255,Joseph Bramlett,8.889,186.666,0.5609965635738832,653.0,1164.0,0.6990740740740741,1057.0,1512.0,-0.28,0.610989010989011,278.0,455.0,1.657,2506.0,1512.0,0.355,25.587,72.0,0.103,7.409,0.23,16.528,-0.472,-33.987
162,163,6567,Vijay Singh,8.75,8.75,,,,,,,,,,,,,,,,,,,,,,
163,164,29268,Bronson Burgoon,8.631,69.05,,,,,,,,,,,,,,,,,,,,,,
164,164,24140,Sean O'Hair,8.631,77.683,,,,,,,,,,,,,,,,,,,,,,
165,166,54421,Garrick Higgo,8.453,185.964,0.5710382513661202,627.0,1098.0,0.6786216596343179,965.0,1422.0,-0.3,0.5579868708971554,255.0,457.0,1.624,2310.0,1422.0,-0.184,-11.577,63.0,-0.377,-23.762,-0.088,-5.523,0.066,4.144
166,167,31323,Gary Woodland,8.267,173.617,0.5497287522603979,608.0,1106.0,0.6625,954.0,1440.0,-0.29,0.5349794238683128,260.0,486.0,1.638,2358.0,1440.0,0.053,3.827,72.0,0.268,19.267,-0.312,-22.432,-0.229,-16.519
167,168,20229,Stewart Cink,8.103,113.442,,,,,,,,,,,,,,,,,,,,,,
168,169,52374,Brandon Wu,7.875,181.122,0.6196808510638298,699.0,1128.0,0.676954732510288,987.0,1458.0,-0.28,0.5902335456475584,278.0,471.0,1.621,2364.0,1458.0,-0.478,-30.1,63.0,-0.006,-0.369,0.164,10.316,-0.138,-8.688
169,170,60067,Joe Highsmith,7.864,157.283,0.6255144032921811,608.0,972.0,0.7031746031746032,886.0,1260.0,-0.32,0.5721925133689839,214.0,374.0,1.621,2043.0,1260.0,0.066,3.846,58.0,0.061,3.531,0.167,9.7,-0.269,-15.599
170,171,28420,Ryan Brehm,7.726,162.243,0.5783132530120482,480.0,830.0,0.6611111111111111,714.0,1080.0,-0.24,0.5300546448087432,194.0,366.0,1.672,1806.0,1080.0,0.103,4.721,46.0,-0.555,-25.538,-0.521,-23.948,-0.363,-16.7
171,172,26476,Chez Reavie,7.667,161.005,0.684322033898305,646.0,944.0,0.6911764705882353,846.0,1224.0,-0.25,0.6005291005291006,227.0,378.0,1.634,2000.0,1224.0,-0.437,-24.482,56.0,0.394,22.069,0.137,7.675,-0.292,-16.336
172,173,52372,Cameron Champ,7.374,140.098,0.6094147582697201,479.0,786.0,0.6832358674463938,701.0,1026.0,-0.27,0.5753846153846154,187.0,325.0,1.657,1700.0,1026.0,0.883,43.268,49.0,-0.716,-35.104,-0.637,-31.198,0.31,15.199
173,174,35310,Lanto Griffin,7.295,116.727,0.621,621.0,1000.0,0.7253086419753086,940.0,1296.0,-0.28,0.5393258426966292,192.0,356.0,1.677,2174.0,1296.0,0.204,11.854,58.0,0.168,9.764,-0.377,-21.875,-0.129,-7.465
174,175,59442,Parker Coody,7.197,151.131,0.5328947368421053,405.0,760.0,0.6606060606060606,654.0,990.0,-0.26,0.6190476190476191,208.0,336.0,1.617,1601.0,990.0,-0.148,-7.103,48.0,0.242,11.593,-0.159,-7.645,-0.223,-10.709
175,176,46435,Austin Cook,6.96,83.525,,,,,,,,,,,,,,,,,,,,,,
176,177,46113,Ryan McCormick,6.914,124.459,0.5508274231678487,466.0,846.0,0.6848816029143898,752.0,1098.0,-0.27,0.5635838150289018,195.0,346.0,1.632,1792.0,1098.0,-0.52,-24.45,47.0,-0.151,-7.12,-0.284,-13.33,0.17,7.973
177,178,50493,Justin Suh,6.787,149.322,0.632295719844358,650.0,1028.0,0.6704204204204204,893.0,1332.0,-0.3,0.5353075170842825,235.0,439.0,1.618,2155.0,1332.0,-0.203,-12.592,62.0,-0.523,-32.45,-0.187,-11.604,0.589,36.536
178,179,47988,Nick Hardy,6.714,147.699,0.59375,722.0,1216.0,0.7049808429118773,1104.0,1566.0,-0.28,0.5735930735930735,265.0,462.0,1.655,2592.0,1566.0,0.253,19.195,76.0,0.223,16.958,-0.378,-28.719,-0.191,-14.518
179,180,50497,Adrien Dumont de Chassart,6.485,129.692,0.5554474708171206,571.0,1028.0,0.6621621621621622,882.0,1332.0,-0.28,0.5555555555555556,250.0,450.0,1.63,2171.0,1332.0,-0.336,-19.459,58.0,-0.379,-21.999,-0.227,-13.167,-0.266,-15.4
180,181,34021,Bud Cauley,6.296,75.548,0.6173333333333333,463.0,750.0,0.7057613168724279,686.0,972.0,-0.25,0.6573426573426573,188.0,286.0,1.623,1578.0,972.0,0.176,8.989,51.0,0.161,8.206,0.15,7.674,-0.175,-8.916
181,182,50095,Austin Smotherman,6.212,62.123,0.6476964769647696,478.0,738.0,0.7316561844863732,698.0,954.0,-0.26,0.59375,152.0,256.0,1.671,1594.0,954.0,0.236,8.951,38.0,0.456,17.334,-0.027,-1.033,-0.557,-21.152
182,183,33486,Roger Sloan,6.056,108.999,0.6422319474835886,587.0,914.0,0.6734006734006734,800.0,1188.0,-0.28,0.6211340206185567,241.0,388.0,1.606,1908.0,1188.0,-0.348,-18.809,54.0,0.098,5.266,0.139,7.522,0.181,9.748
183,184,36326,David Lipsky,6.009,132.187,0.6291666666666667,604.0,960.0,0.6827697262479872,848.0,1242.0,-0.28,0.5761421319796954,227.0,394.0,1.634,2029.0,1242.0,-0.415,-24.055,58.0,0.263,15.227,0.139,8.07,-0.385,-22.31
184,185,39954,Cody Gribble,5.975,47.796,,,,,,,,,,,,,,,,,,,,,,
185,186,25818,Scott Piercy,5.866,58.664,,,,,,,,,,,,,,,,,,,,,,
186,187,45609,Tyler Duncan,5.823,110.64,0.6700819672131147,654.0,976.0,0.6761904761904762,852.0,1260.0,-0.25,0.6004901960784313,245.0,408.0,1.652,2082.0,1260.0,0.264,14.802,56.0,-0.541,-30.277,-0.124,-6.967,-0.224,-12.555
187,188,31202,William McGirt,5.807,29.036,,,,,,,,,,,,,,,,,,,,,,
188,189,33408,Tyson Alexander,5.483,120.633,0.564299424184261,588.0,1042.0,0.6318518518518519,853.0,1350.0,-0.3,0.5754527162977867,286.0,497.0,1.594,2152.0,1350.0,-0.806,-49.191,61.0,-0.468,-28.526,0.077,4.714,0.314,19.16
189,190,27214,Kevin Streelman,5.222,93.988,0.6434511434511434,619.0,962.0,0.6811594202898551,846.0,1242.0,-0.29,0.5580808080808081,221.0,396.0,1.626,2020.0,1242.0,0.064,3.652,57.0,-0.053,-3.027,-0.044,-2.511,-0.205,-11.698
190,191,20472,Alex Cejka,4.95,4.95,,,,,,,,,,,,,,,,,,,,,,
191,191,19825,Darren Clarke,4.95,4.95,,,,,,,,,,,,,,,,,,,,,,
192,193,54328,Norman Xiong,4.795,52.743,,,,,,,,,,,,,,,,,,,,,,
193,194,39067,MJ Daffue,4.622,32.351,,,,,,,,,,,,,,,,,,,,,,
194,195,37212,Paul Barjon,4.61,92.199,0.5747282608695652,423.0,736.0,0.629979035639413,601.0,954.0,-0.28,0.5042492917847026,178.0,353.0,1.647,1571.0,954.0,0.085,3.737,44.0,-0.898,-39.505,-0.932,-40.991,-0.059,-2.599
195,196,47128,Richy Werenski,4.372,30.602,,,,,,,,,,,,,,,,,,,,,,
196,197,48319,Tom Whitney,4.112,82.237,0.6536016949152542,617.0,944.0,0.6919934640522876,847.0,1224.0,-0.27,0.5543766578249337,209.0,377.0,1.653,2023.0,1224.0,0.197,9.829,50.0,0.231,11.527,-0.392,-19.585,-0.637,-31.865
197,198,48699,Callum Tarren,4.045,88.99,0.5298969072164949,514.0,970.0,0.6642857142857143,837.0,1260.0,-0.26,0.5295508274231678,224.0,423.0,1.667,2101.0,1260.0,-0.344,-19.957,58.0,-0.092,-5.335,-0.182,-10.551,-0.629,-36.474
198,199,47663,Kevin Dougherty,3.787,71.955,0.5619158878504673,481.0,856.0,0.6881720430107527,768.0,1116.0,-0.26,0.5574712643678161,194.0,348.0,1.67,1864.0,1116.0,0.766,38.282,50.0,-0.518,-25.91,-0.372,-18.592,-0.414,-20.709
199,200,48119,Ben Taylor,3.785,79.491,0.5452436194895591,470.0,862.0,0.6370967741935484,711.0,1116.0,-0.27,0.5407407407407407,219.0,405.0,1.621,1809.0,1116.0,-0.675,-36.472,54.0,-0.644,-34.784,0.139,7.516,0.113,6.116
200,201,24924,Bill Haas,3.604,36.042,,,,,,,,,,,,,,,,,,,,,,
201,202,23320,Ryan Palmer,3.599,53.99,0.6510416666666666,375.0,576.0,0.6322751322751323,478.0,756.0,-0.24,0.5863309352517986,163.0,278.0,1.626,1229.0,756.0,0.125,4.507,36.0,-0.475,-17.108,-0.111,-3.979,-0.414,-14.904
202,203,33122,Russell Knox,3.592,25.145,,,,,,,,,,,,,,,,,,,,,,
203,204,32448,James Hahn,3.502,35.015,,,,,,,,,,,,,,,,,,,,,,
204,205,27095,Nick Watney,3.327,33.269,,,,,,,,,,,,,,,,,,,,,,
205,206,26758,David Hearn,3.2,3.2,,,,,,,,,,,,,,,,,,,,,,
206,207,30750,Tommy Gainey,3.057,12.227,,,,,,,,,,,,,,,,,,,,,,
207,208,47079,Harrison Endycott,2.968,44.524,,,,,,,,,,,,,,,,,,,,,,
208,209,37338,Zecheng Dou,2.87,22.961,,,,,,,,,,,,,,,,,,,,,,
209,210,33674,Adrian Meronk,2.813,11.25,,,,,,,,,,,,,,,,,,,,,,
210,211,34431,Robert Streb,2.41,12.049,,,,,,,,,,,,,,,,,,,,,,
211,212,27770,Camilo Villegas,2.35,44.65,0.5780274656679151,463.0,801.0,0.6627680311890838,680.0,1026.0,-0.24,0.5115606936416185,177.0,346.0,1.672,1715.0,1026.0,-0.96,-42.252,44.0,-0.251,-11.034,-0.057,-2.51,-0.72,-31.69
212,213,51070,Vincent Norrman,2.253,42.8,0.582723279648609,398.0,683.0,0.6825396825396826,602.0,882.0,-0.19,0.5178571428571429,145.0,280.0,1.713,1511.0,882.0,0.214,9.839,46.0,-0.313,-14.375,-0.322,-14.806,-0.954,-43.863
213,214,25198,Francesco Molinari,2.252,27.021,,,,,,,,,,,,,,,,,,,,,,
214,215,56762,Will Gordon,2.194,19.75,,,,,,,,,,,,,,,,,,,,,,
215,216,56149,Wilson Furr,2.047,36.847,0.5418781725888325,427.0,788.0,0.6647173489278753,682.0,1026.0,-0.27,0.5813953488372093,200.0,344.0,1.635,1677.0,1026.0,-0.102,-4.694,46.0,-0.399,-18.352,-0.025,-1.13,-0.024,-1.108
216,217,29478,Kevin Kisner,2.045,36.814,0.6223404255319149,468.0,752.0,0.6234567901234568,606.0,972.0,-0.24,0.5601092896174863,205.0,366.0,1.636,1590.0,972.0,-0.732,-34.398,47.0,-0.65,-30.567,-0.414,-19.451,0.105,4.924
217,218,33597,Harry Higgs,1.915,11.49,,,,,,,,,,,,,,,,,,,,,,
218,219,27963,Chris Stroud,1.804,1.804,,,,,,,,,,,,,,,,,,,,,,
219,220,27974,Sung Kang,1.745,12.214,,,,,,,,,,,,,,,,,,,,,,
220,221,8793,Tiger Woods,1.65,8.25,,,,,,,,,,,,,,,,,,,,,,
221,222,37278,Nicholas Lindheim,1.603,19.231,,,,,,,,,,,,,,,,,,,,,,
222,223,29970,Dylan Frittelli,1.5,6.0,,,,,,,,,,,,,,,,,,,,,,
223,224,30110,Kyle Stanley,1.338,2.676,,,,,,,,,,,,,,,,,,,,,,
224,225,19803,Ryan Armour,1.058,2.116,,,,,,,,,,,,,,,,,,,,,,
225,226,24925,Jonathan Byrd,0.996,4.978,,,,,,,,,,,,,,,,,,,,,,
226,226,31560,Brian Stuard,0.996,1.991,,,,,,,,,,,,,,,,,,,,,,
227,228,23983,Luke Donald,0.992,5.95,,,,,,,,,,,,,,,,,,,,,,
228,229,31557,Jim Herman,0.964,4.822,,,,,,,,,,,,,,,,,,,,,,
229,230,60767,Blaine Hale Jr.,0.93,15.813,0.5346260387811634,386.0,722.0,0.6527777777777778,611.0,936.0,-0.27,0.49846153846153846,162.0,325.0,1.639,1534.0,936.0,-0.384,-14.575,38.0,-0.157,-5.948,-0.661,-25.104,-0.187,-7.114
230,231,27649,Brandt Snedeker,0.905,19.9,0.6203473945409429,500.0,806.0,0.6369731800766284,665.0,1044.0,-0.25,0.5593667546174143,212.0,379.0,1.617,1688.0,1044.0,-0.561,-29.148,52.0,-0.697,-36.233,-0.054,-2.793,0.147,7.658
231,232,35449,Adam Long,0.872,10.467,,,,,,,,,,,,,,,,,,,,,,
232,233,35901,Paul Haley II,0.809,3.236,,,,,,,,,,,,,,,,,,,,,,
233,234,24980,Scott Gutschewski,0.695,11.819,,,,,,,,,,,,,,,,,,,,,,
234,235,28259,Sangmoon Bae,0.669,2.676,,,,,,,,,,,,,,,,,,,,,,
235,236,25632,Jimmy Walker,0.667,4.667,,,,,,,,,,,,,,,,,,,,,,
236,237,49303,Anders Albertson,0.653,2.613,,,,,,,,,,,,,,,,,,,,,,
237,238,47806,Raul Pereda,0.512,9.211,0.5676923076923077,369.0,650.0,0.5732860520094563,485.0,846.0,-0.24,0.6121883656509696,221.0,361.0,1.591,1346.0,846.0,-0.836,-30.089,36.0,-1.047,-37.703,-0.137,-4.945,0.142,5.095
238,239,27330,Josh Teater,0.372,7.076,0.6371191135734072,460.0,722.0,0.6837606837606838,640.0,936.0,-0.23,0.543918918918919,161.0,296.0,1.661,1555.0,936.0,-0.122,-4.636,38.0,-0.36,-13.687,-0.077,-2.924,-0.862,-32.767
